1,63.28,20240705081520
2,10.27,20240705112536
2,85.54,20240705102550
3,24.46,20240705110510
4,13.15,20240705080602
4,10.28,20240705101522
4,63.61,20240705110536
5,91.19,20240705091520
5,62.66,20240705110529
5,95.63,20240705104518
6,5.83,20240705111536
6,70.45,20240705102539
6,17.85,20240705092514
6,63.44,20240705112536
7,98.41,20240705101549
7,68.17,20240705080513
7,4.5,20240705113530
7,31.18,20240705114552
7,82.97,20240705110552
8,62.78,20240705091533
9,69.56,20240705103529
9,16.66,20240705090605
9,77.1,20240705081523
9,67.07,20240705111541
10,44.19,20240705091525
10,81.01,20240705100550
10,29.1,20240705094521
10,56.7,20240705101605
11,83.95,20240705101558
11,98.66,20240705114508
12,86.47,20240705092521
12,12.4,20240705090545
12,45.85,20240705081527
12,33.11,20240705090511
12,28.79,20240705115516
13,42.17,20240705100513
14,90.11,20240705114516
14,19.52,20240705082604
14,38.35,20240705104557
15,29.88,20240705084514
15,58.03,20240705084551
15,49.18,20240705080524
16,42.28,20240705084545
16,59.84,20240705095511
17,95.99,20240705105558
17,4.84,20240705111523
18,66.9,20240705111535
19,28.47,20240705084532
19,14.28,20240705102556
20,99.93,20240705091552
21,35.5,20240705081516
21,59.61,20240705111541
21,33.84,20240705115549
22,88.25,20240705101516
22,60.43,20240705115531
22,15.9,20240705102549
22,100.92,20240705085606
23,90.36,20240705091510
23,8.64,20240705092532
23,29.46,20240705101527
23,36.13,20240705103510
23,39.06,20240705095532
24,30.26,20240705105517
24,87.08,20240705111521
24,30.69,20240705103507
24,58.28,20240705092541
25,58.75,20240705113540
25,49.67,20240705111528
25,22.05,20240705094521
26,43.18,20240705113600
26,69.68,20240705083518
26,58.72,20240705081545
26,94.35,20240705103508
27,75.79,20240705102552
27,45.29,20240705080558
27,88.83,20240705082549
28,67.36,20240705080523
28,78.98,20240705112527
28,67.41,20240705081551
29,87.5,20240705081517
29,75.69,20240705103532
29,87.04,20240705093527
29,57.43,20240705103546
29,75.76,20240705094523
30,66.25,20240705080551
30,4.73,20240705114518
31,85.66,20240705105526
31,80.44,20240705110518
31,36.82,20240705084550
31,61.23,20240705101518
31,2.05,20240705100525
32,11.96,20240705114555
32,39.16,20240705093526
33,38.82,20240705093600
33,64.73,20240705112523
34,34.44,20240705092540
35,17.48,20240705104544
35,73.74,20240705113558
35,54.09,20240705081509
35,68.65,20240705095535
36,66.62,20240705095603
37,41.66,20240705090606
37,32.77,20240705115509
37,99.93,20240705100544
37,25.13,20240705091605
38,99.19,20240705095536
39,34.33,20240705113559
39,56.54,20240705113522
39,1.18,20240705085512
39,100.12,20240705104555
40,47.73,20240705091511
40,27.14,20240705114554
40,34.18,20240705112524
41,61.06,20240705110509
42,90.73,20240705081554
42,32.36,20240705100556
43,49.33,20240705105515
43,87.47,20240705105604
43,6.85,20240705083606
43,54.82,20240705082535
43,24.87,20240705094555
44,9.53,20240705092527
44,26.51,20240705110534
44,75.5,20240705105522
44,61.58,20240705083603
45,5.09,20240705105604
45,56.27,20240705111543
45,52.24,20240705102547
46,68.63,20240705113512
47,24.65,20240705084538
47,30.78,20240705083601
48,47.72,20240705104552
48,36.07,20240705094514
48,14.84,20240705085539
48,19.07,20240705104531
48,38.92,20240705084601
49,18.86,20240705101523
49,49.24,20240705094513
49,43.72,20240705082557
49,54.02,20240705102605
50,17.7,20240705092547
50,48.87,20240705092558
50,4.33,20240705100556
51,93.76,20240705085530
51,8.61,20240705080547
51,17.21,20240705105551
51,89.25,20240705093603
52,37.91,20240705105515
52,42.31,20240705105523
53,6.93,20240705090605
53,61.95,20240705093558
53,36.37,20240705084534
53,80.77,20240705103528
53,79.8,20240705080557
54,87.52,20240705100516
54,27.85,20240705102601
55,32.96,20240705093548
55,1.75,20240705094544
55,51.55,20240705104513
56,53.27,20240705090533
56,84.49,20240705092547
56,55.59,20240705105535
57,82.38,20240705094519
58,43.95,20240705081555
59,86.31,20240705083517
59,25.24,20240705083558
59,49.32,20240705102513
59,20.31,20240705093600
60,98.15,20240705093516
60,51.59,20240705080559
60,19.83,20240705103513
60,27.17,20240705101530
61,21.33,20240705095541
61,1.32,20240705085538
62,12.67,20240705112533
62,100.26,20240705105605
63,73.41,20240705103602
63,46.53,20240705112540
64,81.13,20240705091509
64,94.29,20240705112602
64,66.68,20240705113535
65,17.64,20240705092606
65,55.45,20240705080553
65,64.83,20240705104539
65,72.0,20240705095520
66,94.09,20240705080520
66,17.33,20240705103554
67,58.36,20240705113526
67,23.0,20240705113601
67,22.88,20240705084533
67,50.65,20240705115519
68,1.22,20240705103518
68,63.81,20240705080530
68,22.89,20240705112528
69,53.01,20240705112520
69,15.68,20240705100514
69,30.72,20240705101511
69,18.23,20240705085535
69,72.05,20240705110549
70,19.79,20240705114548
70,21.61,20240705094606
70,10.62,20240705115523
70,34.98,20240705083605
70,64.94,20240705104600
71,64.02,20240705083513
71,29.96,20240705094520
71,92.95,20240705114515
71,36.96,20240705091536
71,7.22,20240705100553
72,14.93,20240705094523
72,98.19,20240705114605
72,92.85,20240705093554
72,22.48,20240705104530
73,31.56,20240705092519
73,51.94,20240705115533
73,18.5,20240705081529
74,30.03,20240705095542
74,18.2,20240705101545
74,41.83,20240705113516
75,12.23,20240705083606
76,49.75,20240705112602
76,30.6,20240705100533
76,26.76,20240705091602
76,49.98,20240705102508
77,2.54,20240705082549
77,43.51,20240705101509
77,46.25,20240705080542
77,6.57,20240705104539
78,30.57,20240705104604
78,88.77,20240705105550
79,47.4,20240705084526
79,28.03,20240705092537
80,77.56,20240705111538
80,45.13,20240705114601
81,29.33,20240705105522
82,92.79,20240705084544
82,33.05,20240705112507
82,45.57,20240705093538
82,49.58,20240705113526
83,40.41,20240705090551
83,31.2,20240705111521
83,70.19,20240705085557
83,99.1,20240705094549
83,51.67,20240705085600
84,54.11,20240705104600
84,17.68,20240705115528
84,22.59,20240705083539
84,14.16,20240705112548
84,86.34,20240705080507
85,36.71,20240705114528
86,58.98,20240705104508
86,78.24,20240705115553
86,65.65,20240705112525
86,13.03,20240705113544
87,43.81,20240705093531
87,33.39,20240705082525
87,3.12,20240705101557
87,28.76,20240705111552
88,22.14,20240705113530
88,47.42,20240705113531
88,59.58,20240705105541
88,94.56,20240705083603
88,27.94,20240705091553
89,8.17,20240705105536
89,67.33,20240705084602
90,33.77,20240705114525
90,92.6,20240705113555
90,43.64,20240705080511
90,92.43,20240705094533
90,41.64,20240705082557
91,65.02,20240705081551
91,85.37,20240705082520
91,8.61,20240705095525
91,60.52,20240705114603
92,40.8,20240705085601
92,19.75,20240705095545
93,49.83,20240705083517
94,35.39,20240705114559
94,72.76,20240705092509
94,29.27,20240705095541
94,79.03,20240705084553
95,22.39,20240705113527
96,4.06,20240705083524
96,97.0,20240705100507
96,69.34,20240705102554
97,55.49,20240705092518
97,57.16,20240705090605
98,96.79,20240705100527
98,68.33,20240705081508
98,41.15,20240705112543
98,92.87,20240705101539
98,62.92,20240705101603
99,100.07,20240705101523
99,47.11,20240705090544
99,74.81,20240705095526
100,74.5,20240705082510
100,96.93,20240705082552
101,56.08,20240705091509
101,85.23,20240705105518
101,70.85,20240705093520
102,62.29,20240705093527
103,29.17,20240705113540
103,41.59,20240705110536
103,62.71,20240705083544
103,15.62,20240705095558
104,45.49,20240705090513
105,93.87,20240705091526
105,55.39,20240705083518
105,36.02,20240705095552
106,6.69,20240705115524
106,9.35,20240705093509
106,50.23,20240705102520
106,97.97,20240705081555
106,92.67,20240705113519
107,37.66,20240705104537
107,22.91,20240705110508
107,44.14,20240705092543
107,100.01,20240705084514
108,66.72,20240705115554
108,3.7,20240705110511
108,98.01,20240705111548
108,49.37,20240705110532
109,13.27,20240705110520
109,9.09,20240705094518
109,18.85,20240705100552
109,55.63,20240705100515
110,10.52,20240705111509
110,50.54,20240705085525
110,8.53,20240705092523
110,78.01,20240705104558
111,86.42,20240705095531
111,66.93,20240705081536
111,25.54,20240705095535
111,86.4,20240705111527
112,48.49,20240705111508
113,39.33,20240705092534
113,52.55,20240705104529
113,55.64,20240705112553
113,96.32,20240705094605
114,32.42,20240705103509
115,75.01,20240705115529
115,97.94,20240705102552
116,77.74,20240705105509
117,92.75,20240705090515
118,32.63,20240705084559
118,22.9,20240705105534
119,75.0,20240705110554
119,71.8,20240705083601
119,98.67,20240705100523
119,75.2,20240705091549
119,7.38,20240705094544
120,4.94,20240705113530
120,72.56,20240705095523
120,5.88,20240705081555
121,35.94,20240705101521
121,66.74,20240705080527
121,83.7,20240705111549
122,4.06,20240705105517
122,78.83,20240705103604
122,68.88,20240705105507
123,29.06,20240705083509
123,45.96,20240705111530
123,46.98,20240705115606
123,59.85,20240705083553
123,88.99,20240705104552
124,26.82,20240705094525
125,6.89,20240705100511
126,50.16,20240705114509
126,50.06,20240705110524
126,19.95,20240705110552
127,31.42,20240705083535
127,19.75,20240705091601
127,3.63,20240705083519
128,79.28,20240705110602
128,17.59,20240705085556
128,73.38,20240705091540
128,77.11,20240705085554
128,59.78,20240705082522
129,62.58,20240705113524
129,2.5,20240705083525
129,83.55,20240705113523
129,93.21,20240705091535
130,57.11,20240705091529
130,18.73,20240705093536
131,28.22,20240705112524
131,57.71,20240705084509
131,27.82,20240705110555
132,23.92,20240705085606
132,3.32,20240705094534
132,44.39,20240705111553
132,36.93,20240705104545
132,47.81,20240705104539
133,30.92,20240705103548
133,96.75,20240705105557
134,41.59,20240705083558
134,74.6,20240705082601
134,98.96,20240705112557
135,22.87,20240705104524
135,88.85,20240705115525
135,79.5,20240705091603
136,98.73,20240705113600
136,65.6,20240705111535
137,84.25,20240705092545
138,43.84,20240705095525
138,36.21,20240705104602
138,69.11,20240705082529
139,77.46,20240705114513
139,1.61,20240705100554
139,32.19,20240705081556
140,9.12,20240705113537
140,11.28,20240705083542
140,21.17,20240705100532
140,77.32,20240705085556
141,71.05,20240705104553
142,64.23,20240705094519
142,23.48,20240705104535
142,20.13,20240705094539
143,45.92,20240705083509
144,27.27,20240705082550
144,3.14,20240705084536
145,42.34,20240705085521
145,66.84,20240705102603
145,75.52,20240705082558
145,90.19,20240705081543
146,22.71,20240705080531
146,60.35,20240705113520
146,6.0,20240705093534
147,4.9,20240705115520
147,18.13,20240705112540
147,96.98,20240705103532
148,14.23,20240705091523
148,39.98,20240705080556
148,11.58,20240705083557
148,50.5,20240705084545
149,9.41,20240705091524
150,80.66,20240705113535
150,86.43,20240705083538
150,2.83,20240705094528
151,7.75,20240705113523
151,34.58,20240705105534
152,39.3,20240705092508
152,39.43,20240705111530
152,24.55,20240705092557
152,52.55,20240705103548
153,2.27,20240705082555
153,18.5,20240705095531
154,97.97,20240705101601
154,65.92,20240705113553
155,72.82,20240705092538
155,62.87,20240705082507
156,8.61,20240705085546
156,73.91,20240705110553
157,67.23,20240705082513
157,62.69,20240705101546
158,40.16,20240705092556
158,57.35,20240705083554
158,83.03,20240705092514
158,98.55,20240705105540
159,35.7,20240705102604
159,78.54,20240705111558
159,15.29,20240705085515
159,83.25,20240705105602
160,73.49,20240705113600
160,25.04,20240705093520
161,22.87,20240705105601
161,89.86,20240705105533
161,63.97,20240705112521
162,51.58,20240705080547
163,18.28,20240705113545
163,53.33,20240705093538
163,65.03,20240705104552
163,36.88,20240705095552
163,19.64,20240705091603
164,23.0,20240705095539
164,30.55,20240705082513
164,41.71,20240705101550
165,48.09,20240705090530
165,11.6,20240705112559
165,99.45,20240705105527
165,65.89,20240705104518
165,17.14,20240705090603
166,12.44,20240705081600
167,58.38,20240705103513
167,49.94,20240705092533
167,31.01,20240705102550
168,83.97,20240705101549
169,21.15,20240705114600
169,53.3,20240705112507
169,85.13,20240705104602
169,20.46,20240705112531
169,40.42,20240705110549
170,44.44,20240705100546
170,32.97,20240705115524
170,52.43,20240705081551
170,15.09,20240705100536
171,5.25,20240705100605
171,45.19,20240705110557
171,75.49,20240705090512
171,77.04,20240705080604
171,32.76,20240705105548
172,32.29,20240705090604
172,80.25,20240705102559
172,3.4,20240705102600
172,91.77,20240705083553
172,81.3,20240705114537
173,73.02,20240705090532
173,77.86,20240705113517
173,22.3,20240705092512
173,24.35,20240705092558
173,53.75,20240705101537
174,62.93,20240705080548
174,61.15,20240705103605
174,97.11,20240705095524
174,37.77,20240705080559
175,47.43,20240705113552
175,56.88,20240705112558
175,15.78,20240705104531
175,87.57,20240705105533
175,81.64,20240705084511
176,10.86,20240705110514
176,46.28,20240705085512
176,51.99,20240705101541
176,63.16,20240705093513
177,90.64,20240705115524
177,34.41,20240705084605
177,57.27,20240705111603
178,52.05,20240705115534
179,59.26,20240705094601
180,43.85,20240705110544
180,7.73,20240705105520
180,55.16,20240705092534
181,88.05,20240705113515
181,3.61,20240705100521
182,21.17,20240705111538
183,70.84,20240705113518
184,7.61,20240705112535
184,24.35,20240705101545
184,15.41,20240705082518
184,19.03,20240705100556
184,79.53,20240705095516
185,22.47,20240705093515
186,76.06,20240705080602
186,40.09,20240705080549
186,4.58,20240705111519
187,50.33,20240705094555
187,24.14,20240705115515
187,26.56,20240705090538
188,60.03,20240705102537
189,62.18,20240705114535
189,70.57,20240705080537
189,20.84,20240705111538
189,28.52,20240705110509
190,24.73,20240705104551
190,12.74,20240705092526
190,7.14,20240705104528
190,64.85,20240705115603
190,71.47,20240705090533
191,99.63,20240705093537
192,45.7,20240705114556
193,22.42,20240705084521
193,50.25,20240705112522
194,67.85,20240705100531
194,9.42,20240705092550
194,66.96,20240705102532
195,3.15,20240705104553
195,93.02,20240705090553
196,20.17,20240705103525
196,46.99,20240705082547
196,17.69,20240705115514
196,43.39,20240705081522
197,19.66,20240705105534
197,70.9,20240705085517
197,77.36,20240705103533
197,41.45,20240705101512
198,6.58,20240705081548
198,28.06,20240705081528
198,90.65,20240705105603
198,70.97,20240705091600
198,78.64,20240705085551
199,56.84,20240705111514
199,15.53,20240705101601
199,29.59,20240705105509
200,94.8,20240705102519
201,89.65,20240705110516
201,31.51,20240705093604
201,63.67,20240705080515
201,29.24,20240705085517
202,58.24,20240705081521
202,44.11,20240705104541
202,0.77,20240705090606
202,62.1,20240705094604
202,66.73,20240705080521
203,43.08,20240705092603
203,59.84,20240705102556
203,32.79,20240705082554
203,98.49,20240705112508
203,97.96,20240705083524
204,86.79,20240705080542
205,66.81,20240705094544
205,60.12,20240705100538
205,13.83,20240705100532
205,90.2,20240705094528
206,34.31,20240705104518
206,44.25,20240705110542
206,64.05,20240705100519
206,13.97,20240705081537
207,50.12,20240705103530
208,80.97,20240705103600
208,37.27,20240705080509
208,10.96,20240705100554
208,2.63,20240705080604
209,24.88,20240705092602
209,49.29,20240705091527
209,51.72,20240705113552
209,56.98,20240705083554
209,83.78,20240705085600
210,11.51,20240705092508
210,50.95,20240705093533
210,78.4,20240705083510
211,40.16,20240705080516
212,89.31,20240705104604
212,43.71,20240705101517
213,29.83,20240705084554
213,23.39,20240705101555
213,58.84,20240705101544
214,42.71,20240705091509
214,77.61,20240705080557
215,40.06,20240705113535
215,64.4,20240705090537
215,44.95,20240705104544
215,80.17,20240705112529
215,9.51,20240705093604
216,28.52,20240705081533
216,41.76,20240705105542
217,14.66,20240705080524
217,89.06,20240705084551
218,26.78,20240705081519
218,66.98,20240705081557
218,10.31,20240705110541
218,29.85,20240705082556
219,37.83,20240705084545
220,55.03,20240705092539
221,31.79,20240705105527
221,54.86,20240705083526
221,8.79,20240705093552
221,21.48,20240705095604
221,64.42,20240705104557
222,58.32,20240705105546
223,18.27,20240705081540
223,31.23,20240705101605
223,95.83,20240705100522
223,81.43,20240705100531
223,59.85,20240705092600
224,76.74,20240705112513
225,86.49,20240705113519
226,78.4,20240705105538
227,21.24,20240705084519
227,61.81,20240705102545
227,84.12,20240705114541
227,41.66,20240705090605
227,0.8,20240705100558
228,53.0,20240705105517
228,25.08,20240705113602
229,43.7,20240705095604
229,12.26,20240705085510
229,31.15,20240705090549
230,57.09,20240705093606
231,42.65,20240705090604
231,58.33,20240705111554
231,15.49,20240705114541
231,8.06,20240705083536
231,15.58,20240705081547
232,1.9,20240705095517
233,38.55,20240705111544
233,3.66,20240705102529
233,52.45,20240705094557
233,25.7,20240705095526
233,71.29,20240705113547
234,44.92,20240705084549
234,30.11,20240705114527
234,56.39,20240705080549
234,59.21,20240705092542
234,19.15,20240705094603
235,19.38,20240705113534
235,87.94,20240705092531
235,41.79,20240705082548
235,57.03,20240705101557
235,82.26,20240705091604
236,54.08,20240705110555
236,13.69,20240705085524
236,96.87,20240705114546
236,91.75,20240705113545
236,61.76,20240705113547
237,89.66,20240705094524
237,97.47,20240705084520
238,70.45,20240705110520
238,55.51,20240705092511
238,6.5,20240705101526
238,73.82,20240705105538
239,52.28,20240705092517
239,65.82,20240705101537
240,14.65,20240705105520
241,25.04,20240705111556
241,15.42,20240705080605
241,56.91,20240705112545
242,26.66,20240705082519
242,96.8,20240705111521
242,47.38,20240705085544
243,55.67,20240705115521
243,3.79,20240705103508
243,55.16,20240705090516
244,47.32,20240705081551
245,66.22,20240705110533
245,75.43,20240705090600
246,2.8,20240705095520
246,24.35,20240705104538
247,67.34,20240705090529
247,0.77,20240705105529
248,71.22,20240705113524
248,42.52,20240705105534
248,90.45,20240705092555
249,18.38,20240705113545
250,15.5,20240705092542
250,36.08,20240705085543
251,85.06,20240705114537
251,64.22,20240705083534
251,3.23,20240705091508
251,38.45,20240705083535
252,67.46,20240705082603
252,41.95,20240705112545
252,15.08,20240705112556
252,68.47,20240705111553
252,96.43,20240705082526
253,43.48,20240705093530
253,4.47,20240705083515
254,83.25,20240705084531
254,68.91,20240705115534
254,74.25,20240705093517
254,85.09,20240705105538
254,22.13,20240705111539
255,29.53,20240705101517
255,54.31,20240705083606
256,71.21,20240705113558
256,64.86,20240705102523
256,18.61,20240705110531
256,62.88,20240705102527
257,83.41,20240705111554
257,5.51,20240705115519
257,66.14,20240705092529
257,53.79,20240705094532
258,48.38,20240705095524
258,73.1,20240705081547
258,93.96,20240705103549
259,29.01,20240705104555
260,19.75,20240705093532
260,29.33,20240705082509
260,34.53,20240705092510
260,49.75,20240705091516
261,76.02,20240705101549
262,82.24,20240705091525
262,13.06,20240705090517
262,61.88,20240705093532
262,56.08,20240705095532
262,6.26,20240705102554
263,84.06,20240705092554
263,35.52,20240705111547
263,49.83,20240705105530
263,10.87,20240705093602
263,86.65,20240705081513
264,57.65,20240705105524
264,75.92,20240705092554
264,7.9,20240705115519
264,57.25,20240705115551
264,0.27,20240705084542
265,1.95,20240705080528
265,81.35,20240705113554
266,45.71,20240705082525
266,64.55,20240705084514
266,3.29,20240705090604
267,59.44,20240705080512
267,47.51,20240705081526
267,87.83,20240705101529
268,49.21,20240705102601
268,29.83,20240705104549
268,28.89,20240705095539
268,27.51,20240705105536
269,94.25,20240705080511
269,85.99,20240705094531
269,19.08,20240705080603
270,79.07,20240705080507
270,15.85,20240705084524
270,48.65,20240705113522
270,62.65,20240705112516
270,55.95,20240705104552
271,12.71,20240705114535
272,92.79,20240705092529
272,46.32,20240705095507
272,30.1,20240705112512
273,18.98,20240705115515
273,48.31,20240705112604
273,58.16,20240705095541
273,23.19,20240705103551
274,70.05,20240705085552
274,69.05,20240705091605
274,32.29,20240705101530
274,34.1,20240705103519
275,53.88,20240705100554
275,70.69,20240705094514
275,83.1,20240705101525
275,9.35,20240705084523
276,48.5,20240705110531
276,40.73,20240705094535
276,4.81,20240705111551
276,36.09,20240705113515
277,16.03,20240705083532
278,77.91,20240705115525
279,42.66,20240705111518
279,97.91,20240705110515
279,50.81,20240705104521
279,30.21,20240705094535
280,19.13,20240705100551
280,50.93,20240705095519
280,12.05,20240705093527
280,42.31,20240705083531
280,97.54,20240705095558
281,73.05,20240705115538
281,65.17,20240705113548
281,40.61,20240705083556
281,72.93,20240705113602
281,56.63,20240705105525
282,71.38,20240705102521
283,88.04,20240705080516
284,28.42,20240705101526
284,100.18,20240705080524
284,49.72,20240705102507
284,46.53,20240705082547
284,69.1,20240705083559
285,7.56,20240705081542
285,93.41,20240705112539
285,36.32,20240705105539
286,75.95,20240705115541
286,89.55,20240705103512
286,84.78,20240705091533
287,64.53,20240705113515
287,96.63,20240705082545
287,91.92,20240705092545
287,3.32,20240705111520
288,15.81,20240705085545
288,98.86,20240705101546
288,44.38,20240705104604
289,94.1,20240705080606
289,6.15,20240705104516
290,50.92,20240705110606
290,35.09,20240705081536
291,51.28,20240705080536
292,70.21,20240705115601
292,43.53,20240705094509
292,17.01,20240705082554
293,43.97,20240705103537
293,23.22,20240705084511
293,34.42,20240705100507
294,17.99,20240705095539
294,99.64,20240705113542
294,27.62,20240705093600
294,59.57,20240705083543
294,39.35,20240705104528
295,6.6,20240705112604
296,34.53,20240705092529
296,6.62,20240705114601
296,52.1,20240705105523
296,52.37,20240705112530
297,87.1,20240705094507
297,89.59,20240705083519
297,65.28,20240705084531
297,37.84,20240705102529
297,25.06,20240705111513
298,89.62,20240705094538
298,24.86,20240705111527
298,53.73,20240705100532
299,91.04,20240705094507
299,6.83,20240705111552
299,57.66,20240705093604
300,45.3,20240705094540
300,12.06,20240705101518
300,73.73,20240705084514
300,67.9,20240705090523
300,89.88,20240705101547
301,13.41,20240705115520
301,65.86,20240705105535
302,56.09,20240705100541
302,67.98,20240705095512
302,86.53,20240705115604
303,59.17,20240705104518
303,40.23,20240705093553
303,80.56,20240705083606
303,50.56,20240705090511
303,24.98,20240705093559
304,34.66,20240705115600
304,59.47,20240705112554
304,80.08,20240705090511
304,69.63,20240705090600
304,38.1,20240705103542
305,85.01,20240705092546
305,57.81,20240705112514
306,43.87,20240705105516
307,22.14,20240705111541
307,99.4,20240705104557
307,9.92,20240705095547
308,18.09,20240705101605
308,69.08,20240705113536
308,15.25,20240705103534
309,49.02,20240705094551
309,46.79,20240705100514
309,10.37,20240705110510
309,7.1,20240705093532
309,40.48,20240705111517
310,1.5,20240705083555
311,72.45,20240705090547
311,22.48,20240705094527
311,74.41,20240705101519
311,92.95,20240705110606
311,59.13,20240705080513
312,98.21,20240705103507
313,8.07,20240705094524
313,71.9,20240705112530
314,23.69,20240705082529
314,50.74,20240705092509
314,96.84,20240705090545
314,71.32,20240705093546
315,87.84,20240705094554
315,78.53,20240705091547
315,84.38,20240705083521
315,11.99,20240705095510
316,99.32,20240705100547
316,84.6,20240705095529
316,66.59,20240705111538
316,37.28,20240705101538
317,70.39,20240705103513
317,0.01,20240705082527
317,63.95,20240705102540
317,0.4,20240705094550
318,82.78,20240705081535
319,87.58,20240705080602
319,36.78,20240705102531
319,49.36,20240705103551
319,70.6,20240705110528
320,31.02,20240705100555
320,2.53,20240705110533
320,22.64,20240705093509
320,93.45,20240705091515
321,56.88,20240705084509
321,76.4,20240705094539
321,42.41,20240705083545
322,43.03,20240705094530
322,93.22,20240705115600
323,30.11,20240705085527
323,14.07,20240705101542
323,69.17,20240705110541
323,82.95,20240705111604
324,39.17,20240705085552
324,38.29,20240705084540
324,52.96,20240705090528
325,92.6,20240705104552
325,45.06,20240705102510
326,58.98,20240705085526
326,59.47,20240705102515
326,0.38,20240705082509
326,35.99,20240705100539
326,3.72,20240705115530
327,27.04,20240705094534
328,34.03,20240705110507
328,66.46,20240705082606
329,24.28,20240705092558
330,14.92,20240705104602
330,40.03,20240705082548
330,60.04,20240705110523
331,71.58,20240705105542
331,14.42,20240705082511
331,23.36,20240705111535
331,42.03,20240705104540
332,29.22,20240705092606
332,97.03,20240705092534
333,47.68,20240705082537
334,46.35,20240705084538
334,95.0,20240705100601
334,7.52,20240705091603
334,56.84,20240705100523
334,23.56,20240705081516
335,77.41,20240705113535
335,0.95,20240705113516
335,52.18,20240705100527
335,28.79,20240705100534
335,87.89,20240705082601
336,62.27,20240705092546
336,16.14,20240705110539
336,21.42,20240705101512
337,9.61,20240705110510
337,50.98,20240705094515
337,95.21,20240705101510
337,71.49,20240705090550
338,31.07,20240705081525
339,15.58,20240705094515
339,20.4,20240705104518
339,21.52,20240705084529
340,48.84,20240705114550
341,16.65,20240705102531
341,53.77,20240705111522
341,28.16,20240705115513
341,25.33,20240705112527
341,84.95,20240705085544
342,57.96,20240705112553
342,0.12,20240705094530
342,97.57,20240705114550
342,66.43,20240705105511
342,35.93,20240705115552
343,68.01,20240705105508
343,99.25,20240705105539
343,82.23,20240705082556
343,63.33,20240705113551
343,39.68,20240705093526
344,54.14,20240705082534
344,96.57,20240705095515
345,78.15,20240705103517
345,40.05,20240705081511
345,45.79,20240705112550
346,58.71,20240705083514
347,17.35,20240705113521
347,32.78,20240705110601
347,25.13,20240705093557
347,75.47,20240705103605
347,26.42,20240705093550
348,56.72,20240705091556
348,23.35,20240705110532
348,25.78,20240705113546
349,29.36,20240705084536
349,19.83,20240705081553
350,89.45,20240705084548
350,36.64,20240705080543
351,81.06,20240705114543
352,2.77,20240705083520
352,40.53,20240705083552
352,47.16,20240705110508
352,79.69,20240705103520
353,59.97,20240705083517
353,8.57,20240705083522
353,6.24,20240705115521
354,2.78,20240705082535
355,97.52,20240705103556
355,95.0,20240705093521
355,43.8,20240705110545
355,87.6,20240705110543
355,56.26,20240705110601
356,79.3,20240705112538
356,63.25,20240705102529
356,66.16,20240705091559
357,5.7,20240705082546
357,97.8,20240705113553
357,49.46,20240705111514
357,89.88,20240705103511
358,30.72,20240705094518
358,45.42,20240705112553
358,45.76,20240705095533
358,76.76,20240705094529
358,69.13,20240705112539
359,6.53,20240705094514
359,99.61,20240705105533
359,41.52,20240705094542
359,4.41,20240705104517
360,14.79,20240705084510
360,31.16,20240705102507
360,19.24,20240705110604
361,100.42,20240705090539
361,10.99,20240705113538
362,66.44,20240705105602
363,91.58,20240705085602
363,74.08,20240705111516
363,66.78,20240705101558
363,72.18,20240705083537
363,90.54,20240705114555
364,92.97,20240705093551
364,22.53,20240705081604
365,32.31,20240705080538
366,76.63,20240705101526
367,87.16,20240705093534
367,64.47,20240705094512
368,3.0,20240705112558
368,21.46,20240705110538
368,84.21,20240705094553
368,6.63,20240705081518
369,20.34,20240705113532
369,17.28,20240705105514
369,68.74,20240705115537
370,53.29,20240705081544
370,88.92,20240705114557
371,63.9,20240705090511
371,94.24,20240705084554
372,44.29,20240705100514
373,57.25,20240705080540
373,33.37,20240705085511
374,24.69,20240705092517
374,96.15,20240705115541
374,19.23,20240705080532
374,3.5,20240705105554
375,14.81,20240705110534
375,33.34,20240705091541
375,56.92,20240705085536
375,93.2,20240705115519
375,69.46,20240705085553
376,49.74,20240705100507
376,23.1,20240705102548
376,14.6,20240705095550
376,33.45,20240705094535
377,34.06,20240705081538
377,47.42,20240705115537
377,99.68,20240705110604
377,7.54,20240705081521
377,19.22,20240705093600
378,12.1,20240705084519
378,47.61,20240705100521
379,49.07,20240705113558
380,9.49,20240705090556
380,55.86,20240705091541
381,33.69,20240705115540
381,28.09,20240705093511
382,0.78,20240705080544
383,20.19,20240705115520
383,53.81,20240705104550
384,66.11,20240705081521
384,80.24,20240705105604
384,78.41,20240705101523
384,65.52,20240705105604
384,0.76,20240705111508
385,15.21,20240705085528
385,33.5,20240705080529
385,19.82,20240705114559
385,42.49,20240705080528
385,87.33,20240705095531
386,44.92,20240705091507
386,53.0,20240705113559
386,37.67,20240705113550
386,38.28,20240705094601
386,59.01,20240705084519
387,77.5,20240705102601
388,58.72,20240705111532
388,38.39,20240705085545
389,73.24,20240705090553
389,54.22,20240705112531
389,63.78,20240705112606
389,32.36,20240705093513
389,21.49,20240705110529
390,41.1,20240705092544
390,60.95,20240705093552
390,66.27,20240705100543
391,42.65,20240705084538
391,26.76,20240705091602
392,35.46,20240705093525
392,18.63,20240705082541
393,54.73,20240705101546
393,16.23,20240705093513
393,99.01,20240705110535
393,32.36,20240705113558
393,31.99,20240705092522
394,21.06,20240705102516
394,90.58,20240705111547
395,61.01,20240705104552
395,87.79,20240705093555
395,36.06,20240705102524
395,18.45,20240705111533
395,45.16,20240705090537
396,15.8,20240705080519
396,20.12,20240705093516
396,83.98,20240705101539
396,18.91,20240705091533
397,35.62,20240705100527
397,25.24,20240705113515
397,77.45,20240705082514
397,51.1,20240705103602
397,98.8,20240705113537
398,99.83,20240705114509
398,22.48,20240705100545
398,46.14,20240705083551
399,97.39,20240705101542
399,80.85,20240705114530
399,91.52,20240705103544
399,69.82,20240705112550
400,78.71,20240705110558
400,80.69,20240705104552
400,94.02,20240705082511
400,25.03,20240705081554
400,13.98,20240705093520
401,55.38,20240705090538
401,59.22,20240705083543
401,44.8,20240705111604
401,2.78,20240705105510
401,39.63,20240705105508
402,82.0,20240705085541
402,1.18,20240705094511
402,36.22,20240705083556
402,48.2,20240705114604
403,80.73,20240705084601
404,80.19,20240705103507
404,41.94,20240705090513
404,78.12,20240705111510
405,10.46,20240705082520
405,63.01,20240705094519
406,11.25,20240705112558
406,8.62,20240705091518
406,38.19,20240705090512
406,97.81,20240705105522
407,49.31,20240705104550
407,6.43,20240705114516
407,91.61,20240705082556
407,74.98,20240705095604
408,23.29,20240705084538
408,31.5,20240705115515
409,45.71,20240705105520
409,58.79,20240705112518
409,22.68,20240705085551
409,74.19,20240705095524
409,50.92,20240705102605
410,73.92,20240705081512
410,74.63,20240705080509
410,34.92,20240705090551
410,0.16,20240705104517
410,57.39,20240705115548
411,60.93,20240705095547
412,91.99,20240705100538
412,14.33,20240705104550
412,20.0,20240705113538
412,74.36,20240705113525
412,47.11,20240705112541
413,42.55,20240705115545
414,29.44,20240705100537
415,46.05,20240705100543
416,21.4,20240705112546
416,47.99,20240705094520
416,59.84,20240705091532
416,22.49,20240705090605
416,53.95,20240705085556
417,6.6,20240705101537
417,80.0,20240705101529
417,92.84,20240705082532
418,70.79,20240705091553
418,76.46,20240705085546
418,28.36,20240705094512
418,67.95,20240705080525
419,38.32,20240705095513
419,8.16,20240705082529
419,30.85,20240705092535
420,27.9,20240705081519
420,47.39,20240705103549
420,96.45,20240705093541
420,65.93,20240705080515
420,92.87,20240705083555
421,60.53,20240705082549
421,66.75,20240705083525
421,6.17,20240705113604
421,39.72,20240705113537
421,51.97,20240705091525
422,81.77,20240705102508
422,89.86,20240705115548
422,85.73,20240705105507
422,11.72,20240705083544
422,32.57,20240705102512
423,46.99,20240705101529
423,79.28,20240705100513
423,26.29,20240705100603
423,53.0,20240705111545
424,37.88,20240705084512
425,48.91,20240705110547
425,68.5,20240705115514
425,53.26,20240705091508
425,97.25,20240705090552
426,22.75,20240705112536
426,8.55,20240705102604
426,21.31,20240705105521
427,51.73,20240705080536
428,56.33,20240705105550
428,34.66,20240705094536
429,63.03,20240705100524
430,59.62,20240705104528
430,97.11,20240705104513
430,55.91,20240705080556
430,15.19,20240705084602
430,67.85,20240705100520
431,52.58,20240705091531
431,30.91,20240705093540
432,7.25,20240705101512
432,62.52,20240705081552
433,82.66,20240705105604
433,31.56,20240705080509
433,78.59,20240705081606
434,23.43,20240705115523
434,25.51,20240705112551
434,35.12,20240705091550
435,73.21,20240705085543
436,58.82,20240705102535
436,16.9,20240705095539
436,55.8,20240705081546
436,74.17,20240705102551
436,18.31,20240705090526
437,51.29,20240705104548
437,34.61,20240705084542
437,47.38,20240705110526
438,8.49,20240705080537
439,100.68,20240705095521
439,67.93,20240705102553
439,46.23,20240705114528
439,93.57,20240705113606
439,10.02,20240705110535
440,48.57,20240705092549
440,90.8,20240705092552
440,12.46,20240705105539
440,76.28,20240705101545
441,79.0,20240705092555
441,99.99,20240705110536
442,26.02,20240705100518
442,51.59,20240705103527
442,83.16,20240705085547
442,43.29,20240705104532
443,7.89,20240705082518
443,15.52,20240705100530
443,59.57,20240705084528
443,72.13,20240705114513
443,36.99,20240705092541
444,4.65,20240705100606
444,56.34,20240705115517
445,63.42,20240705091536
445,53.41,20240705112521
445,11.75,20240705081516
446,76.56,20240705100602
446,73.3,20240705102546
446,50.09,20240705081555
446,40.18,20240705113511
446,39.41,20240705085558
447,32.69,20240705114536
447,33.56,20240705113551
447,40.47,20240705113537
447,26.53,20240705080530
447,47.5,20240705080601
448,35.39,20240705092550
449,38.03,20240705092600
449,61.41,20240705112603
449,2.21,20240705110559
449,76.7,20240705083513
449,43.15,20240705103516
450,12.02,20240705100541
451,81.16,20240705113556
451,63.52,20240705110554
451,2.41,20240705115524
451,48.4,20240705105519
451,62.98,20240705092520
452,43.83,20240705101525
452,17.4,20240705102551
453,80.78,20240705095541
453,16.05,20240705091558
454,28.73,20240705110542
454,1.18,20240705095522
454,58.69,20240705102601
454,8.55,20240705102516
455,45.51,20240705084518
455,78.29,20240705085514
455,43.83,20240705104540
455,30.95,20240705085522
456,93.44,20240705101520
456,1.53,20240705101527
457,14.57,20240705110508
457,7.14,20240705090512
457,7.36,20240705093550
457,64.59,20240705094507
458,46.14,20240705100520
458,49.41,20240705080512
458,86.4,20240705111529
458,0.43,20240705094534
458,62.75,20240705112540
459,87.03,20240705105606
459,13.56,20240705115555
459,67.4,20240705085514
459,97.63,20240705113538
460,42.69,20240705083513
460,25.24,20240705110544
460,51.6,20240705113517
460,10.79,20240705104521
461,94.07,20240705115535
461,60.27,20240705113518
461,35.27,20240705082550
461,98.64,20240705095512
462,34.69,20240705094511
462,83.13,20240705104549
463,9.48,20240705101605
464,1.05,20240705094606
464,66.18,20240705094511
464,25.75,20240705104558
465,67.31,20240705103554
465,40.72,20240705095512
465,65.7,20240705080606
465,94.88,20240705080520
466,55.56,20240705104526
467,57.85,20240705080601
467,41.3,20240705084540
468,32.58,20240705093529
468,25.29,20240705103601
468,4.93,20240705103525
468,40.12,20240705102601
468,29.4,20240705091606
469,29.71,20240705103516
469,91.57,20240705113516
469,27.25,20240705094554
470,73.9,20240705105528
470,56.5,20240705103602
470,97.25,20240705110538
470,61.52,20240705090510
470,38.76,20240705090533
471,45.55,20240705105513
472,63.8,20240705083535
473,44.38,20240705103559
473,78.12,20240705100546
474,39.71,20240705102541
475,21.25,20240705083548
475,56.03,20240705105547
475,45.74,20240705111537
476,32.13,20240705095603
476,59.84,20240705083557
477,51.24,20240705114551
478,10.69,20240705091547
479,50.1,20240705102525
480,82.18,20240705105535
480,46.25,20240705104543
480,66.68,20240705114517
480,60.52,20240705110516
480,30.73,20240705095549
481,25.36,20240705081550
481,76.65,20240705093550
481,52.92,20240705105528
481,69.01,20240705104600
481,100.51,20240705095528
482,44.95,20240705083556
483,56.29,20240705113601
483,47.42,20240705102604
483,83.17,20240705112540
483,54.52,20240705090524
483,15.49,20240705080551
484,67.92,20240705111548
484,100.5,20240705110519
484,40.86,20240705085541
484,21.73,20240705102521
485,30.21,20240705090553
485,71.78,20240705085518
485,67.98,20240705091520
485,44.25,20240705082541
486,29.74,20240705082603
486,95.81,20240705080509
486,64.15,20240705085523
486,82.26,20240705101553
486,65.75,20240705081605
487,95.43,20240705080517
487,39.21,20240705084552
487,24.3,20240705091546
487,55.87,20240705112512
487,2.23,20240705092531
488,42.58,20240705101540
489,2.89,20240705101529
489,33.56,20240705100555
490,20.77,20240705085520
490,83.41,20240705081531
490,66.15,20240705085603
491,28.21,20240705084543
491,34.88,20240705084558
491,62.03,20240705085601
491,27.88,20240705111603
491,63.37,20240705104517
492,48.33,20240705100549
492,99.18,20240705083534
492,44.79,20240705093527
492,69.07,20240705085556
493,54.46,20240705100508
493,15.46,20240705092529
494,4.04,20240705100515
495,72.4,20240705114554
495,16.39,20240705115551
496,82.56,20240705092527
496,3.09,20240705113547
496,34.17,20240705082529
496,34.19,20240705094548
496,67.32,20240705085552
497,95.37,20240705100545
497,89.41,20240705084516
497,78.07,20240705101509
498,24.9,20240705083513
499,91.88,20240705101536
499,74.32,20240705104540
499,54.1,20240705083522
499,84.54,20240705083542
500,94.95,20240705082537
501,26.33,20240705104550
501,8.4,20240705085516
502,63.49,20240705115527
502,30.93,20240705081511
502,7.24,20240705083558
503,29.04,20240705115538
503,54.12,20240705092601
503,9.73,20240705080603
504,45.34,20240705094534
504,55.02,20240705114533
504,37.84,20240705100519
504,83.09,20240705090545
505,7.37,20240705083537
506,83.13,20240705085532
506,34.54,20240705081554
506,13.5,20240705085559
506,100.39,20240705095518
507,47.49,20240705080544
507,52.46,20240705111511
507,55.67,20240705092528
507,25.78,20240705111508
507,51.34,20240705112546
508,55.4,20240705111547
509,51.71,20240705081604
509,16.8,20240705114527
509,15.36,20240705101522
509,72.3,20240705082536
509,28.99,20240705110552
510,94.76,20240705080539
510,46.07,20240705084519
510,8.08,20240705111538
511,68.49,20240705085519
511,18.92,20240705101553
512,53.85,20240705092603
513,32.57,20240705090550
513,76.55,20240705113555
513,60.94,20240705111557
514,61.57,20240705082601
514,0.31,20240705095536
514,79.93,20240705115552
514,62.29,20240705082538
514,85.86,20240705104605
515,18.49,20240705100538
515,88.52,20240705092544
515,0.29,20240705114536
516,47.82,20240705094525
516,17.02,20240705092522
516,74.65,20240705095544
516,15.95,20240705083539
516,19.94,20240705093537
517,54.51,20240705112551
517,0.27,20240705084537
517,32.42,20240705095601
517,55.15,20240705091547
517,33.25,20240705084535
518,34.62,20240705090543
519,81.44,20240705115550
519,72.18,20240705084516
520,93.98,20240705090536
520,67.08,20240705091553
520,75.02,20240705114553
521,69.81,20240705101539
521,9.52,20240705105534
521,50.8,20240705110532
521,73.37,20240705115522
522,57.95,20240705092520
523,44.65,20240705093514
524,68.52,20240705100526
524,30.89,20240705084536
525,100.02,20240705104553
525,22.53,20240705081523
525,40.48,20240705082528
526,12.71,20240705110555
526,6.59,20240705081530
526,94.95,20240705085555
526,20.53,20240705101515
527,33.64,20240705092601
527,18.63,20240705110512
527,61.33,20240705080534
527,59.46,20240705093521
528,22.76,20240705102543
528,5.95,20240705102523
528,23.65,20240705111601
529,39.4,20240705104551
529,91.52,20240705085520
530,73.71,20240705084517
530,41.86,20240705113519
531,21.1,20240705084516
531,17.94,20240705111522
531,28.7,20240705105544
532,100.53,20240705105526
533,89.6,20240705111549
534,30.41,20240705102536
535,15.11,20240705114538
535,81.58,20240705091536
536,45.5,20240705082552
536,2.53,20240705111536
536,46.51,20240705112550
537,78.42,20240705080601
537,28.05,20240705103513
538,39.79,20240705094523
538,95.35,20240705115554
538,25.16,20240705081555
538,22.3,20240705090526
539,9.84,20240705083526
539,11.87,20240705112523
539,84.41,20240705083549
540,34.84,20240705114520
540,14.21,20240705104604
540,55.65,20240705110558
540,77.7,20240705092600
540,45.25,20240705114508
541,89.05,20240705094600
541,13.54,20240705111606
541,64.67,20240705092548
541,77.24,20240705082606
541,67.05,20240705113507
542,25.15,20240705084600
542,90.09,20240705095524
542,30.17,20240705084558
543,82.63,20240705085602
543,92.83,20240705111605
543,90.28,20240705082541
543,40.41,20240705115515
544,7.14,20240705103525
544,44.85,20240705113550
544,5.98,20240705101543
545,10.25,20240705100524
546,86.03,20240705111516
546,96.67,20240705104523
546,70.63,20240705103546
546,14.15,20240705102522
546,57.64,20240705095606
547,100.85,20240705103601
547,33.37,20240705081545
547,65.33,20240705113537
547,59.19,20240705081548
548,27.98,20240705105519
548,9.49,20240705114523
548,87.14,20240705090521
548,36.38,20240705104547
549,38.77,20240705115523
550,36.36,20240705115605
550,50.4,20240705082552
550,34.69,20240705094544
551,74.96,20240705103554
551,38.81,20240705084553
552,86.95,20240705092559
552,13.29,20240705091551
553,53.67,20240705114536
553,66.08,20240705084511
553,20.49,20240705112515
553,33.41,20240705112535
554,87.21,20240705112509
554,61.46,20240705100549
555,70.07,20240705080534
556,50.44,20240705100541
556,24.67,20240705085541
556,93.46,20240705105555
557,61.24,20240705115537
557,89.36,20240705114535
557,55.53,20240705093511
557,45.46,20240705091549
557,4.62,20240705083559
558,96.07,20240705111540
559,41.78,20240705112604
559,86.03,20240705110528
559,94.82,20240705104544
559,30.52,20240705101532
559,18.42,20240705113531
560,84.15,20240705092557
560,4.74,20240705092552
560,56.58,20240705081536
560,92.7,20240705100553
561,47.38,20240705091537
562,60.57,20240705114555
562,25.97,20240705112518
562,92.89,20240705091528
562,23.72,20240705082511
562,47.95,20240705094548
563,94.33,20240705110519
563,32.62,20240705082519
563,72.72,20240705084600
563,11.75,20240705095520
563,8.12,20240705085520
564,50.35,20240705095520
564,100.52,20240705104534
565,71.44,20240705090547
565,12.49,20240705113512
566,56.24,20240705102603
567,100.73,20240705094538
567,17.82,20240705113550
567,10.44,20240705084601
567,3.88,20240705100600
568,37.92,20240705112524
569,18.14,20240705103533
569,38.73,20240705082545
569,69.65,20240705085603
569,58.33,20240705110600
570,4.86,20240705091544
570,30.97,20240705092546
570,59.54,20240705094605
570,29.61,20240705094557
571,74.75,20240705105605
571,40.66,20240705081525
571,3.44,20240705082525
571,59.76,20240705095554
572,59.57,20240705100603
572,32.07,20240705093603
572,49.65,20240705105521
572,22.39,20240705081544
572,73.17,20240705100529
573,34.07,20240705090536
573,69.69,20240705092512
573,8.77,20240705094519
573,86.12,20240705082518
573,75.31,20240705115547
574,58.4,20240705100520
574,80.16,20240705104542
574,11.06,20240705113559
575,58.83,20240705101516
575,2.82,20240705092555
575,92.54,20240705091512
575,43.91,20240705115528
576,5.58,20240705104527
576,91.29,20240705083543
576,83.24,20240705113557
576,98.58,20240705100604
577,70.27,20240705105519
578,45.15,20240705090531
578,37.39,20240705113540
578,60.53,20240705093559
579,2.84,20240705090601
580,92.65,20240705094539
580,52.37,20240705092539
580,25.66,20240705091555
581,14.59,20240705112509
581,93.13,20240705080530
581,29.93,20240705113526
581,90.72,20240705082539
582,84.85,20240705094524
583,51.58,20240705103507
583,13.76,20240705091534
583,16.99,20240705092606
583,81.02,20240705093551
584,90.36,20240705104528
584,81.69,20240705095553
585,12.77,20240705102511
585,24.29,20240705094601
585,25.3,20240705112525
586,36.68,20240705114539
586,16.18,20240705090555
586,31.79,20240705101556
586,9.67,20240705103530
586,9.67,20240705101606
587,70.42,20240705115527
587,53.69,20240705102521
587,22.18,20240705083527
588,56.1,20240705084540
588,98.31,20240705082538
588,91.6,20240705084555
588,40.76,20240705090521
588,38.28,20240705095534
589,80.1,20240705112507
589,76.56,20240705090509
590,60.26,20240705102602
591,2.32,20240705082550
591,13.45,20240705101556
591,31.84,20240705113547
592,35.25,20240705111543
592,85.27,20240705114547
593,93.92,20240705102519
594,23.37,20240705080532
594,71.47,20240705103540
595,26.27,20240705092521
595,88.56,20240705104510
595,67.93,20240705083512
595,11.06,20240705083521
595,75.53,20240705084534
596,69.49,20240705085553
596,24.4,20240705090548
597,54.52,20240705093547
597,53.2,20240705094545
597,9.72,20240705080524
597,18.97,20240705092547
598,52.53,20240705102518
598,67.22,20240705115541
598,26.03,20240705095541
598,36.66,20240705091522
599,72.32,20240705104533
599,3.84,20240705105519
599,88.49,20240705104557
599,20.96,20240705093524
599,29.83,20240705100552
600,22.06,20240705114532
600,41.34,20240705113534
600,34.73,20240705113542
601,45.57,20240705111551
602,52.14,20240705092547
603,53.18,20240705102541
603,53.25,20240705104551
603,34.12,20240705081509
603,82.55,20240705081550
603,50.79,20240705101513
604,39.63,20240705092557
604,98.73,20240705101551
604,84.79,20240705090550
604,57.05,20240705103602
605,57.99,20240705104525
605,84.08,20240705095558
605,74.19,20240705093517
606,1.4,20240705082510
606,51.8,20240705090527
607,78.6,20240705103551
607,83.23,20240705112554
607,10.37,20240705093601
607,51.21,20240705111519
607,15.72,20240705095542
608,64.31,20240705084600
608,86.52,20240705095549
609,57.68,20240705092518
609,55.36,20240705083516
609,36.37,20240705104558
609,91.39,20240705081537
610,0.08,20240705085527
610,78.41,20240705091552
610,72.66,20240705101536
611,94.09,20240705084541
611,45.85,20240705112515
611,70.89,20240705110559
611,1.74,20240705104518
612,93.03,20240705093513
613,95.8,20240705095600
613,24.02,20240705082514
613,36.18,20240705110601
614,23.02,20240705113543
615,18.29,20240705100531
615,23.56,20240705103544
616,81.27,20240705084528
616,22.45,20240705114523
616,64.64,20240705092553
617,98.69,20240705113528
617,32.24,20240705081600
617,10.7,20240705103528
617,69.13,20240705105508
618,75.68,20240705105552
618,66.13,20240705104517
618,7.99,20240705095544
618,24.52,20240705092559
619,42.65,20240705110536
620,46.49,20240705092510
620,74.34,20240705082552
620,40.48,20240705105513
620,43.32,20240705091601
620,80.55,20240705085542
621,45.25,20240705100510
622,92.48,20240705113555
623,34.45,20240705085521
623,33.34,20240705101601
623,79.12,20240705115514
624,0.61,20240705111515
624,37.03,20240705110544
625,58.41,20240705100553
625,72.46,20240705113527
626,29.56,20240705112552
626,67.84,20240705093541
626,99.78,20240705091541
627,24.83,20240705105520
627,74.51,20240705103509
627,84.75,20240705092529
628,20.32,20240705082550
628,71.61,20240705105511
628,42.17,20240705101517
628,95.46,20240705112554
629,78.69,20240705110552
629,5.83,20240705111534
629,40.95,20240705105553
630,67.12,20240705114546
630,91.79,20240705080519
630,24.28,20240705083600
630,19.96,20240705100603
630,62.68,20240705085520
631,31.9,20240705093536
631,100.46,20240705080535
632,72.95,20240705112519
632,4.69,20240705095554
632,65.6,20240705113601
633,90.84,20240705103516
633,49.61,20240705104530
633,54.16,20240705095535
633,47.21,20240705080546
633,30.69,20240705101531
634,86.64,20240705101522
635,71.29,20240705081549
635,7.14,20240705082542
636,71.68,20240705102602
636,100.48,20240705095531
636,42.35,20240705090515
636,64.64,20240705091527
636,51.27,20240705092525
637,46.0,20240705100606
638,15.45,20240705093513
638,94.47,20240705100516
638,42.83,20240705094524
638,54.21,20240705103519
639,80.61,20240705091557
640,25.63,20240705081543
640,61.3,20240705113551
640,70.31,20240705091526
640,56.27,20240705091535
640,56.48,20240705082531
641,100.37,20240705111525
641,60.06,20240705113509
641,21.81,20240705111534
641,76.04,20240705114603
641,90.4,20240705090516
642,27.24,20240705111542
642,2.77,20240705101542
642,61.48,20240705084523
642,60.45,20240705092535
642,2.3,20240705094555
643,9.24,20240705114507
643,29.08,20240705085525
644,26.45,20240705082517
645,17.44,20240705110532
645,57.77,20240705113554
646,69.18,20240705110532
647,37.47,20240705084511
647,33.21,20240705104517
647,36.15,20240705101539
647,35.74,20240705084514
648,37.79,20240705090552
648,38.09,20240705095549
648,85.09,20240705114508
648,22.83,20240705112516
648,1.52,20240705105511
649,25.25,20240705112527
649,3.43,20240705080525
650,66.41,20240705094540
650,38.46,20240705101551
651,96.98,20240705090526
651,97.49,20240705114512
651,89.35,20240705081522
651,98.61,20240705082554
651,83.26,20240705082554
652,49.04,20240705085518
653,40.86,20240705111526
653,33.91,20240705112606
654,86.65,20240705081543
654,17.49,20240705114515
654,39.07,20240705081543
655,8.59,20240705091602
655,40.41,20240705095549
656,0.14,20240705113543
656,35.21,20240705110544
657,59.68,20240705115529
657,7.99,20240705092605
657,92.4,20240705084550
657,40.46,20240705082521
658,12.53,20240705082525
659,24.26,20240705080602
659,65.18,20240705111550
659,15.14,20240705082522
659,37.78,20240705110554
659,89.55,20240705085511
660,15.11,20240705103528
660,14.0,20240705105524
660,26.14,20240705095514
661,21.35,20240705110539
661,99.73,20240705113523
661,8.41,20240705091540
661,5.95,20240705092511
661,77.15,20240705105538
662,14.41,20240705091522
662,28.66,20240705110542
663,90.22,20240705104531
663,23.61,20240705085538
663,13.58,20240705104520
664,99.0,20240705111536
664,86.64,20240705113606
665,46.17,20240705094546
665,68.59,20240705081520
666,18.5,20240705104547
666,41.21,20240705101606
666,88.95,20240705095554
667,12.94,20240705111548
667,29.71,20240705083536
667,34.63,20240705094544
667,58.98,20240705111605
667,99.98,20240705082548
668,28.7,20240705081527
669,67.59,20240705103536
669,17.83,20240705105546
669,83.98,20240705092556
669,65.02,20240705084606
669,56.66,20240705113524
670,18.31,20240705094554
670,34.11,20240705092523
671,83.51,20240705093603
671,68.17,20240705091528
671,3.51,20240705103521
671,73.07,20240705095540
671,46.54,20240705082545
672,12.18,20240705112551
672,17.63,20240705092546
672,9.15,20240705110538
673,42.99,20240705094518
673,61.26,20240705093511
673,84.22,20240705105559
673,95.38,20240705092517
674,82.69,20240705082530
675,95.35,20240705104513
675,96.03,20240705081537
675,63.89,20240705094602
675,44.99,20240705100517
675,38.41,20240705090535
676,56.87,20240705102515
676,91.18,20240705114520
676,24.91,20240705112538
676,29.88,20240705090530
676,53.21,20240705115541
677,55.81,20240705113532
678,36.19,20240705115518
678,80.24,20240705094550
679,72.16,20240705093521
679,35.67,20240705080515
680,19.13,20240705114557
680,34.42,20240705083510
681,29.03,20240705104547
681,93.18,20240705111605
681,47.65,20240705082555
681,93.75,20240705112605
681,92.96,20240705091523
682,4.39,20240705094555
683,79.03,20240705102601
683,10.91,20240705111513
683,50.32,20240705090606
684,69.15,20240705080552
685,56.06,20240705085606
685,52.82,20240705113543
685,49.15,20240705111517
686,93.74,20240705102515
686,18.09,20240705101511
686,88.63,20240705090509
687,36.95,20240705084604
688,29.73,20240705092557
688,76.14,20240705082507
688,28.63,20240705110519
688,15.04,20240705100520
688,31.69,20240705083555
689,68.24,20240705112545
689,68.46,20240705103537
689,93.5,20240705084529
689,19.62,20240705092521
690,26.19,20240705094526
690,25.62,20240705100603
690,48.19,20240705093546
690,89.99,20240705102543
691,41.55,20240705082539
691,86.78,20240705111605
692,40.9,20240705082524
692,46.33,20240705113551
692,28.12,20240705093550
693,96.73,20240705081508
693,7.1,20240705113533
693,51.22,20240705083509
693,70.01,20240705085523
693,56.18,20240705085556
694,65.78,20240705112521
694,18.18,20240705104542
694,20.23,20240705111521
695,82.24,20240705084517
695,28.91,20240705110559
695,92.87,20240705090528
695,99.49,20240705080533
696,83.78,20240705090511
696,99.83,20240705083543
696,100.11,20240705101529
696,29.54,20240705102550
696,91.86,20240705111514
697,21.57,20240705102554
697,56.49,20240705110524
697,93.68,20240705113515
697,57.42,20240705092536
698,48.35,20240705081530
699,92.4,20240705084600
699,80.61,20240705115521
699,52.58,20240705100557
699,11.29,20240705082534
699,4.29,20240705090558
700,74.59,20240705102530
700,66.48,20240705100603
700,100.9,20240705103606
701,66.98,20240705115543
701,1.5,20240705084542
701,41.37,20240705112548
701,14.56,20240705112520
701,85.29,20240705085530
702,68.6,20240705081534
702,17.17,20240705104541
702,38.18,20240705100551
702,43.4,20240705091528
703,62.43,20240705095602
703,39.89,20240705083540
704,25.71,20240705100537
704,4.22,20240705111544
705,70.27,20240705080524
705,80.03,20240705113553
705,30.99,20240705082538
706,30.49,20240705114553
706,34.25,20240705112531
706,67.44,20240705101512
707,87.81,20240705105521
707,38.17,20240705092511
707,27.0,20240705085508
707,57.63,20240705115553
707,73.87,20240705100524
708,45.97,20240705093540
708,80.29,20240705082550
708,53.94,20240705084533
708,30.04,20240705094600
708,65.04,20240705101536
709,14.44,20240705080602
709,30.04,20240705114524
709,45.62,20240705085605
710,46.9,20240705084606
710,17.27,20240705082542
710,76.64,20240705113542
711,4.23,20240705095525
711,34.8,20240705112534
711,13.45,20240705084540
712,77.59,20240705081514
712,31.56,20240705094535
712,22.47,20240705110532
713,49.21,20240705081542
713,66.33,20240705081526
713,57.87,20240705101556
713,1.56,20240705090529
714,69.76,20240705115518
715,50.58,20240705102543
715,7.04,20240705100603
715,25.22,20240705081518
715,82.71,20240705085553
716,77.05,20240705103604
717,40.95,20240705110524
717,23.15,20240705083602
717,19.26,20240705094510
717,65.57,20240705115604
717,36.06,20240705090601
718,69.46,20240705105514
718,93.16,20240705090529
718,46.66,20240705093551
718,46.09,20240705102518
718,87.25,20240705114551
719,17.67,20240705090535
719,81.09,20240705085543
720,89.26,20240705093602
720,59.26,20240705102508
720,34.25,20240705092509
720,83.55,20240705114514
720,65.46,20240705084515
721,8.41,20240705104509
721,59.2,20240705092523
721,31.1,20240705095543
721,24.1,20240705110511
722,88.07,20240705084508
723,92.76,20240705105559
723,32.08,20240705103557
723,58.22,20240705112511
723,42.9,20240705101513
723,46.15,20240705094532
724,73.3,20240705111513
724,81.6,20240705094538
724,58.9,20240705090508
725,58.98,20240705115512
725,27.12,20240705100547
725,97.02,20240705101606
725,67.08,20240705111520
725,40.1,20240705105548
726,47.71,20240705114602
726,41.35,20240705080549
726,48.71,20240705083525
726,22.54,20240705085559
726,75.35,20240705105527
727,22.34,20240705101511
727,92.86,20240705113510
727,98.12,20240705111556
727,66.42,20240705101602
727,13.46,20240705094538
728,25.41,20240705113559
728,38.61,20240705093518
728,76.75,20240705082514
728,71.37,20240705112536
729,86.22,20240705102540
729,60.4,20240705101559
729,1.24,20240705082528
730,11.87,20240705102545
730,83.2,20240705113550
730,75.58,20240705091507
731,95.95,20240705093603
732,0.86,20240705101511
732,68.9,20240705111604
732,92.16,20240705111549
733,70.09,20240705104541
733,79.65,20240705113508
733,1.47,20240705111544
733,87.58,20240705111604
734,25.17,20240705113552
734,69.41,20240705100547
734,54.19,20240705101522
734,61.63,20240705101553
734,92.35,20240705081522
735,21.83,20240705090556
735,45.04,20240705095516
736,41.55,20240705102518
736,41.3,20240705082534
736,46.82,20240705092552
736,54.9,20240705105544
737,80.35,20240705101536
737,78.58,20240705082533
737,90.59,20240705110555
737,70.87,20240705094520
738,46.09,20240705103541
738,74.26,20240705114509
738,72.91,20240705094553
739,73.34,20240705111544
739,43.37,20240705083557
740,59.88,20240705100547
740,85.82,20240705113542
740,66.44,20240705083524
740,78.49,20240705081602
741,65.75,20240705081546
741,76.81,20240705084547
741,36.81,20240705084520
742,10.06,20240705090533
742,13.65,20240705085605
742,63.57,20240705080549
743,98.21,20240705104528
743,91.99,20240705114518
743,11.45,20240705115525
744,32.28,20240705085509
744,32.09,20240705104525
744,94.3,20240705111539
744,41.09,20240705101547
744,36.18,20240705112531
745,73.02,20240705084543
745,44.26,20240705080524
746,34.87,20240705115603
746,45.23,20240705113509
746,7.35,20240705082556
746,33.8,20240705114547
747,60.42,20240705103535
747,98.02,20240705090554
747,96.32,20240705100538
747,48.9,20240705084539
748,36.37,20240705104542
748,72.92,20240705091538
748,11.93,20240705080531
749,13.09,20240705100555
749,27.42,20240705101523
749,10.48,20240705085557
749,29.66,20240705080536
750,44.03,20240705083528
750,85.25,20240705095550
750,67.49,20240705083534
750,35.24,20240705113513
751,77.61,20240705082519
751,51.18,20240705115556
751,26.29,20240705113512
752,61.07,20240705093514
752,93.63,20240705102601
752,57.86,20240705092531
753,74.05,20240705092541
753,45.56,20240705095518
753,92.34,20240705110545
754,70.35,20240705102549
754,85.13,20240705085601
754,42.02,20240705103530
754,89.68,20240705090557
754,62.21,20240705112507
755,25.14,20240705105552
755,85.22,20240705105519
755,17.93,20240705112535
756,17.42,20240705114553
756,93.23,20240705091603
756,33.65,20240705102525
757,94.44,20240705103606
757,95.12,20240705114516
757,21.41,20240705091604
757,54.74,20240705113547
757,98.29,20240705081537
758,67.63,20240705080553
758,91.1,20240705100545
758,42.77,20240705081554
758,72.9,20240705112555
759,83.62,20240705093606
760,42.14,20240705084552
760,96.38,20240705090535
760,58.74,20240705103542
761,93.23,20240705084508
761,47.92,20240705094542
762,4.74,20240705082542
762,53.03,20240705103543
762,9.94,20240705083521
762,34.78,20240705105525
763,64.95,20240705101519
763,92.9,20240705093518
763,45.46,20240705080531
764,79.41,20240705081553
764,59.92,20240705100509
764,42.58,20240705114558
765,40.42,20240705082521
766,75.68,20240705114510
766,40.83,20240705111605
766,72.24,20240705113509
767,28.92,20240705111549
767,34.97,20240705091542
767,2.4,20240705091529
767,1.77,20240705110511
767,45.36,20240705111553
768,53.55,20240705103528
768,49.16,20240705094529
768,2.56,20240705104535
768,60.38,20240705103604
768,37.8,20240705101526
769,29.12,20240705083531
769,13.83,20240705091526
769,90.79,20240705112529
769,25.51,20240705082545
769,61.0,20240705085525
770,74.11,20240705112545
770,52.23,20240705102512
771,32.08,20240705105532
772,43.52,20240705090542
772,10.04,20240705102555
773,86.16,20240705080601
774,11.49,20240705083525
774,82.46,20240705085524
774,75.61,20240705081604
775,3.22,20240705102515
775,45.82,20240705115552
775,60.63,20240705085530
775,3.9,20240705105550
776,63.44,20240705092557
777,63.46,20240705085549
777,12.9,20240705081555
778,69.93,20240705101538
778,71.62,20240705114602
779,31.79,20240705100541
779,40.56,20240705091559
779,5.23,20240705105605
780,86.36,20240705094602
781,52.57,20240705094552
781,87.0,20240705101527
781,26.17,20240705082516
782,15.89,20240705112535
782,83.65,20240705094556
782,47.14,20240705091543
782,84.98,20240705112554
783,75.58,20240705101532
783,21.58,20240705100542
783,88.03,20240705084516
783,68.85,20240705115532
783,69.57,20240705101525
784,36.04,20240705104526
784,54.43,20240705080526
784,71.64,20240705104538
784,32.27,20240705081535
785,38.7,20240705080548
785,72.26,20240705103522
785,85.89,20240705111601
785,56.37,20240705103538
785,78.32,20240705105527
786,60.93,20240705091555
787,28.35,20240705101527
787,3.43,20240705093602
788,34.32,20240705083558
789,15.77,20240705105544
789,80.37,20240705102538
789,17.4,20240705092604
790,5.56,20240705103537
790,8.09,20240705110533
790,6.92,20240705094546
791,10.71,20240705081517
791,18.77,20240705094528
792,20.7,20240705093543
792,20.08,20240705103559
793,96.06,20240705085526
793,78.64,20240705114508
794,46.93,20240705091508
794,23.78,20240705110553
795,82.66,20240705091528
795,14.93,20240705104528
795,34.45,20240705084536
795,0.29,20240705083604
795,13.87,20240705094513
796,95.01,20240705115509
797,98.61,20240705095532
797,55.51,20240705112539
797,51.46,20240705104520
797,95.77,20240705080509
798,56.07,20240705101518
798,65.0,20240705102542
798,87.78,20240705093537
798,41.38,20240705095545
798,43.36,20240705113545
799,36.3,20240705115533
799,51.71,20240705094541
800,44.11,20240705113603
800,34.31,20240705104550
801,18.41,20240705112549
801,57.1,20240705081523
801,53.98,20240705100606
801,51.7,20240705082602
802,47.33,20240705103543
802,86.82,20240705112602
802,14.04,20240705103523
802,65.31,20240705105543
803,58.1,20240705101535
804,53.64,20240705082537
804,80.6,20240705103547
805,94.46,20240705101514
805,53.99,20240705080509
805,34.61,20240705113527
806,39.95,20240705114521
807,8.92,20240705114526
807,92.45,20240705114540
807,82.42,20240705085548
807,25.64,20240705114526
807,76.84,20240705103556
808,95.31,20240705100549
808,84.31,20240705090555
808,17.71,20240705090532
808,16.06,20240705095603
808,13.42,20240705105542
809,66.75,20240705090544
809,93.4,20240705102557
809,41.42,20240705080602
809,23.35,20240705101535
810,1.85,20240705093540
810,96.66,20240705103511
811,89.68,20240705090535
812,59.02,20240705081514
812,42.35,20240705101515
812,19.3,20240705094529
813,37.03,20240705084546
813,21.55,20240705083536
814,43.33,20240705114550
815,80.96,20240705112543
815,17.54,20240705114508
815,77.02,20240705081528
816,85.56,20240705083600
816,18.81,20240705081508
816,76.94,20240705104556
817,97.87,20240705114554
817,8.22,20240705110555
817,98.47,20240705112551
817,43.08,20240705102546
817,81.34,20240705083535
818,13.79,20240705085548
818,46.68,20240705095520
818,34.69,20240705102555
819,67.84,20240705105555
819,57.52,20240705092512
819,93.92,20240705115514
820,24.58,20240705105534
821,7.13,20240705110525
821,69.31,20240705095558
821,27.16,20240705111540
821,17.1,20240705093559
821,100.79,20240705114605
822,81.71,20240705080544
822,35.4,20240705104532
823,59.69,20240705080550
823,81.01,20240705091605
823,95.61,20240705100508
824,29.67,20240705084507
824,98.31,20240705103601
825,67.02,20240705101521
825,97.76,20240705094527
825,31.85,20240705115532
825,12.24,20240705113546
825,16.67,20240705101556
826,11.05,20240705104548
826,77.05,20240705101601
826,83.61,20240705101601
826,13.42,20240705112528
827,88.01,20240705093530
827,91.68,20240705113518
828,82.19,20240705093546
829,52.34,20240705101557
829,85.62,20240705104540
829,62.45,20240705092531
829,50.7,20240705111507
830,80.64,20240705080605
830,62.59,20240705102547
831,8.94,20240705090545
831,52.25,20240705095511
832,12.53,20240705113556
832,95.4,20240705103559
833,56.3,20240705090531
833,98.74,20240705080538
833,58.54,20240705083557
834,87.72,20240705104544
834,52.0,20240705083537
835,30.81,20240705102602
836,49.48,20240705080507
836,49.86,20240705093524
837,10.78,20240705102557
837,80.74,20240705102522
837,19.13,20240705080523
838,45.2,20240705085553
838,76.65,20240705110556
839,37.29,20240705114541
839,60.7,20240705083514
839,81.03,20240705083521
839,0.95,20240705113546
839,96.84,20240705094511
840,24.12,20240705101507
840,3.66,20240705095524
840,64.87,20240705083517
840,100.12,20240705112526
841,99.16,20240705095508
841,18.86,20240705103513
841,19.14,20240705100508
842,38.31,20240705091541
842,50.14,20240705112507
842,69.36,20240705084554
843,74.45,20240705112516
843,12.52,20240705090544
843,73.62,20240705095541
843,64.34,20240705102536
843,39.19,20240705103539
844,68.11,20240705105541
844,83.34,20240705081605
844,22.56,20240705082551
844,40.47,20240705083600
845,9.84,20240705111604
845,9.53,20240705093524
845,44.58,20240705102551
845,96.33,20240705101522
845,54.55,20240705092549
846,60.23,20240705080547
846,96.87,20240705095526
846,41.8,20240705103537
847,28.2,20240705114507
847,9.05,20240705103526
847,0.68,20240705092528
847,31.74,20240705101533
848,73.65,20240705080545
848,11.1,20240705084550
848,24.23,20240705093511
849,85.81,20240705090603
849,29.08,20240705085543
850,44.68,20240705103518
851,73.89,20240705095528
851,24.69,20240705110507
851,85.41,20240705111510
851,15.59,20240705114604
851,18.12,20240705113541
852,60.26,20240705115540
852,84.99,20240705092546
852,49.59,20240705102510
853,11.8,20240705080539
853,25.23,20240705084526
853,21.34,20240705111543
853,78.82,20240705101550
854,14.53,20240705095518
854,38.63,20240705112536
854,70.39,20240705082517
855,99.32,20240705111554
855,34.13,20240705112540
855,25.96,20240705110522
855,77.06,20240705090528
856,17.87,20240705095519
856,66.64,20240705105537
857,82.51,20240705091538
858,28.31,20240705082518
858,27.66,20240705090606
859,65.09,20240705102523
859,50.65,20240705085516
860,88.36,20240705080519
860,56.43,20240705091552
861,79.93,20240705081554
861,92.3,20240705115604
861,33.51,20240705105603
862,81.88,20240705095559
862,57.09,20240705085552
862,93.59,20240705085529
862,69.34,20240705090536
863,54.73,20240705091543
863,73.14,20240705100533
863,8.66,20240705083555
864,45.38,20240705103604
865,9.39,20240705095605
865,48.21,20240705103556
865,79.49,20240705111532
865,37.64,20240705081604
866,60.35,20240705110601
866,21.31,20240705083552
866,10.81,20240705111527
866,39.71,20240705091542
866,73.1,20240705091521
867,16.76,20240705113510
867,76.39,20240705092507
867,41.01,20240705114604
867,70.19,20240705114510
867,53.18,20240705104556
868,75.23,20240705100536
869,30.97,20240705085557
869,85.65,20240705100529
869,29.7,20240705091511
869,77.22,20240705101551
869,12.17,20240705081526
870,69.35,20240705101511
870,19.76,20240705113605
870,6.28,20240705092541
870,82.3,20240705094525
871,53.35,20240705102525
872,58.27,20240705080532
872,80.79,20240705085538
872,73.38,20240705080546
873,71.07,20240705101509
874,5.24,20240705100543
874,60.73,20240705080515
874,89.27,20240705084524
874,39.59,20240705081512
875,21.96,20240705095548
875,47.15,20240705110507
876,26.88,20240705113524
876,22.25,20240705084520
876,61.64,20240705104539
876,8.76,20240705085546
876,75.26,20240705102508
877,42.86,20240705100545
877,46.4,20240705085510
877,17.78,20240705103547
877,96.29,20240705084559
878,25.63,20240705112524
878,21.95,20240705115550
878,73.28,20240705114526
878,5.98,20240705113542
878,47.41,20240705112520
879,64.15,20240705105526
879,69.77,20240705101530
880,43.21,20240705104538
880,85.02,20240705104524
880,6.86,20240705080549
880,15.79,20240705102530
880,52.81,20240705092535
881,92.69,20240705082512
881,49.01,20240705112518
882,69.18,20240705103558
883,5.26,20240705090508
884,17.7,20240705095508
884,81.29,20240705095523
885,24.69,20240705100522
885,83.7,20240705100549
886,50.51,20240705084603
886,22.12,20240705094535
886,81.79,20240705110544
887,34.15,20240705113531
888,30.87,20240705114530
888,82.58,20240705083547
889,44.18,20240705081537
890,30.29,20240705105555
890,63.81,20240705080526
890,39.39,20240705092536
891,98.22,20240705080536
891,30.9,20240705104605
891,2.68,20240705100549
891,31.96,20240705112539
891,98.72,20240705103513
892,57.65,20240705100539
892,23.33,20240705104511
892,67.44,20240705112514
893,18.19,20240705093531
893,85.6,20240705083542
893,20.74,20240705080547
894,42.89,20240705105559
894,14.76,20240705115533
895,53.76,20240705104603
895,84.49,20240705112535
896,46.84,20240705091524
896,38.69,20240705091507
897,39.87,20240705111508
897,85.36,20240705090520
898,80.8,20240705094537
898,94.52,20240705094533
899,22.81,20240705085532
899,10.48,20240705085522
900,50.6,20240705082513
900,6.91,20240705091516
900,52.84,20240705112514
901,92.1,20240705113519
901,96.14,20240705104556
901,18.37,20240705102604
901,43.0,20240705085521
901,72.38,20240705102601
902,63.29,20240705100524
902,67.08,20240705111520
902,100.34,20240705093557
902,39.69,20240705103528
902,88.85,20240705085603
903,78.25,20240705090605
904,51.5,20240705115537
904,30.84,20240705082529
904,16.71,20240705094551
904,10.09,20240705081526
905,77.28,20240705102606
905,26.06,20240705092531
905,65.56,20240705112528
905,90.59,20240705101606
905,95.84,20240705080511
906,69.67,20240705115522
907,19.06,20240705105559
907,100.04,20240705081513
907,72.98,20240705113528
907,67.08,20240705105509
907,43.63,20240705110606
908,86.1,20240705113526
908,37.86,20240705102550
909,7.63,20240705100605
909,48.43,20240705100547
909,53.11,20240705104533
909,59.63,20240705084541
909,23.68,20240705100547
910,76.77,20240705113516
910,78.44,20240705081529
911,74.52,20240705114557
912,82.61,20240705081559
912,44.79,20240705101559
912,46.5,20240705100537
912,57.58,20240705091518
913,86.54,20240705094559
913,77.24,20240705115530
913,12.93,20240705100512
914,22.17,20240705081552
915,31.84,20240705112522
915,31.03,20240705093544
915,83.63,20240705113510
916,100.42,20240705082539
916,93.59,20240705091543
916,25.11,20240705093511
916,67.37,20240705101522
916,3.41,20240705081525
917,89.02,20240705110514
918,48.75,20240705080556
919,29.39,20240705112545
919,54.86,20240705115531
919,54.46,20240705103605
919,77.56,20240705100551
919,36.59,20240705101515
920,82.31,20240705104600
920,18.47,20240705113520
921,23.96,20240705085532
922,67.03,20240705103511
922,98.76,20240705094537
922,26.7,20240705090522
922,26.36,20240705080541
923,57.31,20240705090534
923,93.69,20240705103534
923,83.86,20240705113510
924,11.23,20240705090532
924,64.67,20240705101531
924,38.88,20240705110538
924,70.29,20240705083604
924,90.77,20240705091530
925,36.25,20240705103520
925,22.91,20240705084537
926,57.57,20240705093535
926,26.21,20240705095528
926,96.42,20240705094508
926,8.1,20240705110541
927,3.67,20240705102552
927,91.1,20240705104515
928,9.24,20240705115535
928,62.03,20240705114534
929,31.31,20240705105511
929,27.54,20240705101519
930,74.1,20240705112541
930,74.83,20240705102513
930,23.41,20240705081521
930,88.34,20240705081524
930,22.62,20240705103538
931,6.19,20240705082510
931,87.05,20240705093507
931,92.98,20240705110537
932,73.02,20240705113547
932,83.71,20240705090531
932,55.56,20240705112512
932,52.93,20240705113530
933,90.38,20240705114523
933,20.73,20240705114525
933,79.91,20240705095524
934,100.45,20240705105521
934,31.34,20240705111528
934,0.19,20240705081549
934,92.72,20240705083559
934,44.88,20240705105601
935,92.66,20240705083546
935,62.59,20240705115603
935,76.76,20240705084534
935,27.67,20240705111549
936,90.84,20240705090601
936,13.06,20240705114557
936,9.23,20240705085519
936,77.84,20240705081521
936,89.9,20240705093513
937,70.78,20240705104519
937,54.31,20240705103528
937,2.68,20240705103606
938,28.64,20240705114551
938,81.43,20240705095527
938,48.72,20240705114605
939,96.17,20240705080529
940,9.32,20240705085544
940,38.51,20240705101557
940,47.4,20240705104526
940,39.64,20240705080556
941,48.51,20240705104507
941,5.25,20240705103559
941,86.14,20240705091509
942,24.77,20240705090517
942,83.82,20240705103535
942,4.79,20240705082559
942,81.65,20240705112547
943,57.62,20240705110546
944,4.04,20240705091549
944,26.7,20240705100556
944,66.78,20240705104531
944,99.07,20240705091601
945,28.01,20240705095513
945,27.67,20240705112514
945,38.25,20240705103528
945,7.69,20240705094510
945,76.66,20240705104509
946,27.96,20240705105558
946,54.94,20240705083519
946,26.24,20240705114540
946,37.26,20240705083510
946,52.93,20240705111529
947,97.94,20240705092537
947,9.9,20240705111512
947,60.81,20240705101516
947,54.29,20240705101532
947,72.16,20240705113540
948,57.61,20240705100547
948,34.44,20240705115547
949,44.22,20240705100547
949,95.03,20240705100521
950,90.11,20240705101553
950,50.15,20240705104510
950,5.42,20240705092559
950,1.96,20240705104603
951,71.65,20240705084527
951,1.4,20240705112531
951,77.71,20240705093534
951,34.41,20240705103555
951,19.79,20240705110539
952,21.2,20240705092554
952,9.82,20240705090553
952,15.72,20240705082513
952,55.6,20240705083548
953,81.52,20240705114527
953,67.97,20240705094550
954,73.07,20240705111601
954,81.93,20240705114538
954,84.3,20240705101509
955,57.92,20240705095527
955,82.74,20240705085544
955,82.04,20240705112509
955,5.67,20240705093522
956,89.19,20240705113523
957,14.95,20240705103601
957,20.09,20240705083542
958,0.04,20240705084521
958,36.43,20240705112553
958,59.84,20240705090522
959,10.36,20240705091520
959,58.23,20240705113551
960,2.1,20240705112531
960,96.41,20240705103536
960,35.1,20240705101604
960,67.07,20240705100521
960,59.4,20240705080524
961,25.55,20240705093529
961,40.83,20240705095602
961,41.61,20240705084513
961,12.41,20240705115606
962,17.27,20240705102546
962,41.84,20240705101508
962,21.77,20240705112513
962,23.98,20240705104606
963,99.9,20240705093514
963,67.07,20240705094526
964,93.93,20240705080508
964,76.39,20240705105540
964,5.35,20240705081536
964,55.97,20240705092604
965,21.9,20240705095548
966,68.07,20240705115540
967,62.28,20240705082601
967,40.5,20240705115552
967,52.62,20240705085556
967,30.65,20240705105552
968,83.21,20240705111515
969,40.8,20240705112601
969,3.05,20240705092524
969,89.34,20240705105514
969,92.05,20240705103535
969,47.33,20240705114605
970,54.51,20240705094554
971,45.54,20240705082526
971,3.0,20240705084527
971,100.68,20240705093514
971,44.79,20240705094534
972,41.5,20240705093553
973,65.52,20240705111538
973,69.8,20240705101547
973,5.14,20240705113600
973,27.78,20240705084556
974,79.07,20240705085519
975,70.89,20240705082508
975,36.3,20240705114537
975,2.21,20240705110601
975,45.03,20240705113538
976,54.42,20240705093513
976,29.07,20240705092537
976,32.49,20240705093521
976,64.5,20240705101544
977,55.87,20240705090523
977,41.93,20240705093558
977,12.48,20240705094522
977,7.93,20240705101546
978,59.58,20240705085528
978,5.98,20240705103524
978,27.2,20240705080518
978,34.76,20240705104540
978,73.27,20240705101553
979,0.04,20240705114553
979,26.75,20240705080534
979,69.41,20240705083550
979,0.43,20240705103603
980,80.22,20240705115523
981,90.07,20240705100520
981,14.27,20240705084544
981,64.03,20240705083538
982,42.78,20240705115606
982,80.09,20240705112507
982,88.14,20240705105606
982,41.98,20240705112600
982,23.76,20240705104547
983,34.51,20240705091527
983,37.12,20240705083559
983,59.31,20240705110538
983,39.03,20240705094538
984,83.88,20240705100512
985,47.11,20240705110555
986,92.5,20240705115520
986,78.04,20240705110529
986,22.01,20240705102541
987,3.56,20240705092540
988,18.25,20240705094508
988,77.99,20240705083552
988,96.89,20240705080556
989,6.28,20240705085532
989,60.71,20240705110549
989,9.28,20240705091536
989,26.19,20240705082606
989,84.91,20240705101526
990,88.69,20240705083543
991,26.56,20240705104528
991,0.32,20240705092553
991,75.79,20240705113529
992,14.4,20240705103550
993,44.53,20240705111508
993,78.34,20240705114555
993,61.52,20240705083527
994,7.64,20240705093552
994,22.43,20240705085512
995,51.56,20240705094604
995,24.03,20240705093508
996,29.93,20240705115534
996,2.41,20240705101552
996,29.67,20240705105528
997,35.2,20240705101531
998,37.47,20240705112513
998,26.66,20240705095550
998,18.06,20240705095605
998,5.8,20240705094545
999,41.09,20240705080517
1000,58.83,20240705104514
1000,91.7,20240705105535
1000,46.87,20240705082550
1000,35.87,20240705111603
1000,55.53,20240705104514
